order_id,customer_id,product_id,order_date,quantity,amount,status,region
1001,101,501,2026-10-01,2,150.00,completed,North
1002,102,502,2026-10-01,1,75.00,completed,South
1003,101,503,2026-10-02,3,225.00,completed,East
1004,103,501,2026-10-02,1,75.00,pending,West
1005,104,504,2026-10-03,2,200.00,completed,North
1006,102,502,2026-10-03,1,75.00,completed,South
1007,105,503,2026-10-04,4,300.00,completed,East
1008,101,501,2026-10-04,1,75.00,cancelled,North
1009,106,504,2026-10-05,2,200.00,completed,West
1010,103,502,2026-10-05,1,75.00,completed,South
1011,107,503,2026-10-06,3,225.00,completed,East
1012,104,501,2026-10-06,1,75.00,pending,North
1013,108,504,2026-10-07,2,200.00,completed,West
1014,102,502,2026-10-07,1,75.00,completed,South
1015,109,503,2026-10-08,5,375.00,completed,East
1016,101,501,2026-10-08,1,75.00,completed,North
1017,110,504,2026-10-09,2,200.00,completed,West
1018,103,502,2026-10-09,1,75.00,cancelled,South
1019,105,503,2026-10-10,3,225.00,completed,East
1020,106,501,2026-10-10,1,75.00,completed,North
